Surname,Initials,Title,Institution,Rating,Rating_Start,Rating_Ending,PrimaryResearch,SecondaryResearch,Specializations,GoogleScholarID
Ade-Ibijola,AO,Prof,University of Johannesburg,Y,2019-01-01 00:00:00,2024-12-31 00:00:00,Information and Computer science,Computer science,Automata theory and formal languages; Computer applications; Computer science education; Applied Artificial Intelligence; Algorithms,yV98MIcAAAAJ
Adetunji,O,Prof,University of Pretoria,C,2020-01-01 00:00:00,2025-12-31 00:00:00,Engineering sciences; Mathematical sciences,Artificial intelligence; Management; Industrial engineering; Operations research,Manufacturing Planning and Optimisation; Supply chain optimisation; Supply Chain Performance Measurement; Operations management; Supply chain management,kz1wbQcAAAAJ
Aharonson,V,Prof,University of the Witwatersrand,C,2017-01-01 00:00:00,2022-12-31 00:00:00,Engineering sciences,Other information and computer technologies; Biomedical Technology; Electrical engineering,Signal processing; Applied Artificial Intelligence; Machine learning; Speech processing,MlXzlYQAAAAJ
Aldrich,C,Prof,Stellenbosch University,B,2017-01-01 00:00:00,2022-12-31 00:00:00,Engineering sciences,Metallurgical engineering; Artificial intelligence,Big data; Artificial neural networks; Applied multivariate statistics; Multivariate statistical process control; Machine vision; Machine learning; Mineral processing; Material science and technology; Nonlinear and complex systems; Nanoparticles,iLJjvVYAAAAJ
Alonge,AA,Dr,University of Johannesburg,Y,2021-01-01 00:00:00,2026-12-31 00:00:00,Technologies and applied sciences,Communication technologies; Electronic engineering; Information systems and technologies,Cloud computing; Satellite Communications - Radio propagation; Millimetric Propagation; Artificial neural networks; Antennas and radiation; Digital signal processing; Statistical signal processing; Small satellites; Fading channel - Coding,2H9mVRgAAAAJ
Atemkeng Teufack,M,Dr,Rhodes University,Y,2022-01-01 00:00:00,2027-12-31 00:00:00,Mathematical sciences; Information and Computer science,Applied mathematics; Computer software; Astronomy; Artificial intelligence,Discrete time signal processing; Radio astronomy; Fourier analysis; Artificial intelligence; Machine learning; Deep Learning; Computer science; Astronomy software ; Astronomical techniques; Applied mathematics,kO4LdnkAAAAJ
Bagula,BA,Prof,University of the Western Cape,C,2017-01-01 00:00:00,2022-12-31 00:00:00,Information and Computer science; Technologies and applied sciences,Communication technologies; Computer science; Artificial intelligence; Computer programming,Telecommunication networks; Wireless telecommunication networks; Internet of things; Cloud computing; Network security; Big data; Cyber security,7RjFNjIAAAAJ
Bauer,M,Prof,University of Pretoria,C,2020-01-01 00:00:00,2025-12-31 00:00:00,Engineering sciences,Electrical engineering; Chemical engineering,Data analysis; Machine condition monitoring; Chemical process control; Advanced process control; Automation and control; Control and signal processing; Process control; Industrial robotics,MmR5SPQAAAAJ
Belluigi,DZ,Dr,Rhodes University,C,2017-01-01 00:00:00,2022-12-31 00:00:00,Social Sciences; Arts,,Interpretation; Assessment; Evaluation,c46lE-AAAAAJ
Berglund,PMB,Dr,Universitat der Bundeswehr Munchen,Y,2018-01-01 00:00:00,2023-12-31 00:00:00,Information and Computer science; Mathematical sciences,Computer science; Computer programming,Automata theory and formal languages; Natural language processing; Syntactic parsing; Language and logic; Computational logic,
Blignaut,SE,Prof,Nelson Mandela University,C,2016-01-01 00:00:00,2022-12-31 00:00:00,,,,
Bright,G,Prof,University of KwaZulu-Natal,C,2022-01-01 00:00:00,2027-12-31 00:00:00,Engineering sciences,Mechanical engineering,Mechatronics; Robotics; Advanced manufacturing,bApokZMAAAAJ
Casini,G,Dr,University of Cape Town,C,2022-01-01 00:00:00,2027-12-31 00:00:00,Information and Computer science; Humanities,Artificial intelligence; Philosophy,Logic in computer science; Nonmonotonic reasoning; Logic and foundations; Knowledge representation and reasoning; Analytic philosophy ,5X8eYGEAAAAJ
Chen,D,Prof,University of Pretoria,B,2018-01-01 00:00:00,2023-12-31 00:00:00,,,,
Cheng,L,Prof,University of the Witwatersrand,C,2021-01-01 00:00:00,2026-12-31 00:00:00,Engineering sciences,Electrical engineering,"Visible light communication (VLC); Free space optical communication; Automation, Optimisation, Artificial Intelligence; Information theory; Power line communication; Error correction coding",JTBpM9sAAAAJ
Daramola,JO,Prof,Cape Peninsula University of Technology,C,2019-01-01 00:00:00,2024-12-31 00:00:00,Information and Computer science,Artificial intelligence; Computer software; Information & Computer Sciences; Information Technology,Computer software; Applied Artificial Intelligence; Computer Science - Networks and Software engineering,L8skpYAAAAJ
Davel,MH,Prof,North-West University,C,2017-01-01 00:00:00,2022-12-31 00:00:00,Information and Computer science,Artificial intelligence,Deep Learning; Speech processing,Xz-fi1cAAAAJ
de Villiers,JP,Prof,University of Pretoria,C,2021-01-01 00:00:00,2026-12-31 00:00:00,Engineering sciences; Mathematical sciences,Electronic engineering; Artificial intelligence; Statistics and probability,Data fusion; Statistical signal processing; Machine learning; Statistical modelling; Pattern recognition,MLssl98AAAAJ
De Waal,AJ,Dr,University of Pretoria,C,2021-01-01 00:00:00,2026-12-31 00:00:00,Mathematical sciences; Information and Computer science,Statistics and probability; Computer programming,Bayesian statistics; Topic modelling ; Causality studies; Natural language processing; Bayesian Networks; Reasoning about uncertainty,
Djouani,KDA,Prof,Tshwane University of Technology,C,2018-01-01 00:00:00,2023-12-31 00:00:00,Engineering sciences; Information and Computer science,Artificial intelligence; Communication technologies; Electrical engineering; Operations research,Soft computing; Advanced wireless communication; Mobile cloud computing; Applied Artificial Intelligence; Optimisation; Robotics; Advanced control methods,
Dlamini,Z,Prof,University of Pretoria,C,2018-01-01 00:00:00,2023-12-31 00:00:00,Medical sciences: Basic; Health Sciences,Oncology; Artificial intelligence; Biotechnology; Molecular and cell biology,Translational oncogenomics; Spliceogenomics; Histogenomics; Cancer Health Disparities,f2qjkOwAAAAJ
Du,S,Prof,Tshwane University of Technology,C,2022-01-01 00:00:00,2027-12-31 00:00:00,Information and Computer science; Engineering sciences,Electrical engineering; Computer science,Human computer interaction; Cyber Physical Systems; Control of mechatronic systems; Mechanical systems modeling; Brain-computer interfacing; Network analysis; Control systems; Pattern recognition; Computer vision; Image processing,OttawxUAAAAJ
du Plessis,MC,Dr,Nelson Mandela University,C,2020-01-01 00:00:00,2025-12-31 00:00:00,Information and Computer science,Computer science,Ant colony optimization; Neural networks; Evolutionary computation; Robotics; Stochastic Global Optimization,82RydIAAAAAJ
Du Toit,JV,Prof,North-West University,C,2018-01-01 00:00:00,2023-12-31 00:00:00,Information and Computer science,Artificial intelligence,Machine learning algorithms ; Artificial neural networks,LdINRrAAAAAJ
Ehlers,EM,Prof,University of Johannesburg,C,2019-01-01 00:00:00,2024-12-31 00:00:00,Information and Computer science,Artificial intelligence; Computer software,Applied Artificial Intelligence; Artificial immune systems; Artificial Intelligence - Software Systems; Artificial intelligence; Agent architectures; Intelligent software agents; Agent applications; Agent technology ,KMDUg3oAAAAJ
Engelbrecht,AP,Prof,Stellenbosch University,A,2021-01-01 00:00:00,2026-12-31 00:00:00,Information and Computer science,Artificial intelligence; Computer science,Data science; Machine learning algorithms ; Data analytics; Data mining; Machine learning; Computational intelligence; Global optimisation; Neural networks; Evolutionary computation; Swarm intelligence,h9pOfj0AAAAJ
Engelbrecht,HA,Prof,Stellenbosch University,C,2022-01-01 00:00:00,2027-12-31 00:00:00,Engineering sciences; Information and Computer science,Computer multimedia systems,Deep Reinforcement Learning; Computer vision; Telecommunication networks; Computer games - Software development; Distributed systems; Computer networks; Automatic speech recognition; Machine learning,eFIxEXoAAAAJ
Ewert,SG,Prof,University of the Witwatersrand,C,2018-01-01 00:00:00,2023-12-31 00:00:00,Information and Computer science; Mathematical sciences,Computer science,Natural language processing; Theoretical computer science; Formal languages,zePTFJEAAAAJ
Eybers,SSA,Dr,University of Pretoria,C,2021-01-01 00:00:00,2026-12-31 00:00:00,Information and Computer science,Information Systems & Technology,Business intelligence; Database systems; Adult education; Big Data Analytics; Enterprise architecture; IT Project Management; Applied Artificial Intelligence,bcWNtQs6pVQC
Fawole,OA,Prof,Mintek,Y,2016-01-01 00:00:00,2022-12-31 00:00:00,,,,pPtv5wIAAAAJ
Ferentinou,MF,Prof,University of Johannesburg,C,2017-01-01 00:00:00,2022-12-31 00:00:00,Earth and marine sciences; Engineering sciences,Civil engineering; Geology,Rock engineering; Applied Artificial Intelligence; Engineering geology; Natural hazard assesment; Geotechnical engineering,3Xf-sD8AAAAJ
Folly,KA,Prof,University of Cape Town,C,2019-01-01 00:00:00,2024-12-31 00:00:00,Engineering sciences,Artificial intelligence; Electrical engineering,Power system stability; Power systems analysis; Power systems dynamics; Power systems optimization; Power electrical engineering; Wind power; Renewable energy systems; Intelligent systems,nPbf2H0AAAAJ
Gandhi,M,Dr,University of Pretoria,C,2017-01-01 00:00:00,2022-12-31 00:00:00,Engineering sciences; Mathematical sciences,Statistics and probability; Mathematics; Applied mathematics; Engineering,Random dynamical systems; Topological dynamics; Discrete dynamical systems; Dynamical systems; Artificial neural networks; Control and signal processing; Machine learning; Data-driven Modelling; Applied and Computational Mathematics; Bio-Mathematics,
Gibbon,TB,Prof,Nelson Mandela University,C,2020-01-01 00:00:00,2025-12-31 00:00:00,Engineering sciences; Physical sciences,Communication technologies,Fibre - Sensing and fibre lasers; Machine learning algorithms ; Fibre - Sensing; Broadband communication systems; Telecommunication networks; Optical fibres; Telecommunications; Lightwave communications,
Grobler,J,Prof,Stellenbosch University,Y,2017-01-01 00:00:00,2022-12-31 00:00:00,Engineering sciences,Industrial engineering; Artificial intelligence; Operations research; Manufacturing and process technologies,Data science; Computational intelligence; Supply chain optimisation,MVu-D0sAAAAJ
Grobler,TL,Dr,Stellenbosch University,Y,2019-01-01 00:00:00,2024-12-31 00:00:00,Engineering sciences; Information and Computer science,Computer programming; Artificial intelligence,Remote sensing; Radio astronomy,R-voJbEAAAAJ
Habarulema,JB,Dr,South African National Space Agency,B,2022-01-01 00:00:00,2027-12-31 00:00:00,Physical sciences,Space and earth science; Physics,Physical modelling; Mathematical modelling; Artificial neural networks; Space weather; Space physics ; Ionospheric physics,8QMXmMMAAAAJ
Heyns,PS,Prof,University of Pretoria,B,2017-01-01 00:00:00,2022-12-31 00:00:00,Engineering sciences,Information systems and technologies; Mechanical engineering; Engineering management; Artificial intelligence,Asset management; Condition monitoring; Diagnostics; Sound and vibration; Machine learning; Vibration analysis; Structural analysis,NHSCiZsAAAAJ
Isingizwe Nturambirwe,JF,Dr,University of the Western Cape,Y,2022-01-01 00:00:00,2027-12-31 00:00:00,Mathematical sciences; Engineering sciences,Physics; Electronic engineering; Applied mathematics; Artificial intelligence,Machine learning; Hyperspectral imaging; Pattern recognition and image processing; Postharvest technology; Thin film technology; Nanotechnology and device physics; Agricultural products quality assessment and Safety ; Advanced NMR spectroscopy; NIR spectroscopy; Superconductors (Electronics),
Kalina,M,Dr,University of KwaZulu-Natal,Y,2022-01-01 00:00:00,2027-12-31 00:00:00,Social Sciences; Engineering sciences,Environmental Engineering; Human geography,"Informal economy; Infrastructure planning and development; Biogas from solid waste; Rural development; Pollution and waste; Recycling (Waste, etc.); Resources, conservation and recycling ; Participatory methodologies; Research Methodologies; Regional development",MgjwdB4AAAAJ
Kamper,H,Dr,Stellenbosch University,Y,2019-01-01 00:00:00,2024-12-31 00:00:00,Information and Computer science; Engineering sciences,Electronic engineering; Applied mathematics; Computer science; Statistics and probability,Computer vision; Speech processing; Natural language processing; Speech recognition; Machine learning,F3dhs4kAAAAJ
Kana,GKEB,Prof,University of KwaZulu-Natal,C,2018-01-01 00:00:00,2023-12-31 00:00:00,Technologies and applied sciences; Biological sciences,Biotechnology; Microbiology,Biohydrogen production; Bioethanol production; Bioreactor design; Applied Artificial Intelligence; Process modelling and optimization; Lignocellulose hydrolysis; Microbiology - Bioprocessing; Fermentation technology; Biotechnological process control; Biofuels,lBbQ8FYAAAAJ
Keet,CM,Dr,University of Cape Town,C,2018-01-01 00:00:00,2023-12-31 00:00:00,Information and Computer science,Artificial intelligence; Computer software,Computational linguistics; Conceptual modelling; Ontologies; Knowledge representation and reasoning; Semantic Web; Information and knowledge management; Ontology,lccln9YAAAAJ
Kleynhans,W,Prof,University of Pretoria,Y,2018-01-01 00:00:00,2023-12-31 00:00:00,Engineering sciences,Space and earth science; Artificial intelligence,Time series analysis; Machine learning; Pattern recognition and image processing,8uvArPAAAAAJ
Koegelenberg,CFN,Prof,Stellenbosch University,C,2020-01-01 00:00:00,2025-12-31 00:00:00,Medical sciences: Clinical,Medical technologies; Artificial intelligence,Pulmonary; Internal medicine; Interventional pulmonology,zwKk-OgAAAAJ
Koen,MCJ,Dr,Retired - inactive,B,2017-01-01 00:00:00,2022-12-31 00:00:00,Mathematical sciences; Physical sciences,,Astrostatistics; Variable stars,
Kogeda,OP,Prof,University of the Free State,C,2021-01-01 00:00:00,2026-12-31 00:00:00,Information and Computer science; Technologies and applied sciences,Communication technologies; Artificial intelligence; Information & Computer Sciences; Information systems and technologies,"IT for Development, Data mining; Computer forensics; Vehicular communication systems; Mobile communication networks; mHealth; Agent applications; Computer applications; Agricultural information systems; Modelling telecommunications; Applied Artificial Intelligence",HML0-7gAAAAJ
Kotzé,JE,Prof,University of the Free State,C,2022-01-01 00:00:00,2027-12-31 00:00:00,Information and Computer science,Information & Computer Sciences,Business intelligence; Data warehousing; Machine learning; Natural language processing; Big data,RaPAkLgAAAAJ
Kroon,RS,Prof,Stellenbosch University,C,2021-01-01 00:00:00,2026-12-31 00:00:00,Information and Computer science; Mathematical sciences,Computer science; Statistics and probability; Artificial intelligence,Neural networks; Bayesian learning; Monte Carlo tree search; Machine learning; Statistical learning theory; Artificial intelligence,-M2yWHQAAAAJ
Kuzamunu,GM,Dr,University of Cape Town,C,2021-01-01 00:00:00,2026-12-31 00:00:00,Mathematical sciences; Health Sciences,Artificial intelligence; Biomedical Technology; Genetics; Biostatistics,Bioinformatics; Comparative genomics; Functional genomics; Computational algorithms; Machine learning; Biological systems - Computational modelling  ; Numerical analysis and scientific computing,
Lall,M,Dr,Tshwane University of Technology,C,2021-01-01 00:00:00,2026-12-31 00:00:00,Information and Computer science,Computer software; Computer programming,Machine learning; Data science; Computer software - Agents; Wireless; Information security; Communication networks,
Lamola,MJ,Dr,University of Pretoria,C,2020-01-01 00:00:00,2025-12-31 00:00:00,Humanities; Technologies and applied sciences,Artificial intelligence; Cultural studies; Economics; Philosophy,African Social Philosophy; Phenomenology,oagE9n0AAAAJ
Laseinde,OT,Dr,University of Johannesburg,C,2022-01-01 00:00:00,2027-12-31 00:00:00,Technologies and applied sciences; Engineering sciences,Artificial intelligence; Polymer science; Industrial engineering; Mechanical engineering,Electromechanical energy conversions; 3D modelling; Mechanical engineering - Design; Process optimization; Project management - Engineering; Industrial engineering; Rainwater harvesting; Water supply and sanitation; Virtual reality; Operations research,hWtfFzsAAAAJ
Leenen,L,Prof,University of the Western Cape,C,2019-01-01 00:00:00,2024-12-31 00:00:00,Information and Computer science,Artificial intelligence; Computer science,Defence studies; Cyber security; Mathematical modelling; Ontology engineering; Constrained optimization,rG7tDNEAAAAJ
Lochner,MAA,Dr,University of the Western Cape,P,2020-01-01 00:00:00,2025-12-31 00:00:00,Physical sciences,Astronomy,Machine learning; Cosmology; Bayesian statistics; Computers - Programming; Radio astronomy; Supernova cosmology,9AnikoEAAAAJ
Lotz,SI,Dr,South African National Space Agency,C,2022-01-01 00:00:00,2027-12-31 00:00:00,Physical sciences,Artificial intelligence; Geospace physics; Space and earth science,Deep Learning; Geomagnetic pulsations (ULF waves); Geomagnetically induced currents,QMUYs38AAAAJ
Louw,TM,Dr,Stellenbosch University,Y,2019-01-01 00:00:00,2024-12-31 00:00:00,Technologies and applied sciences; Engineering sciences,Applied mathematics; Chemical engineering; Bio-engineering,Biological wastewater treatment; Bioprocess modelling; Process modelling and optimization; Process monitoring; Machine learning,tz7rPJQAAAAJ
Lutu,PEN,Dr,University of Pretoria,C,2021-01-01 00:00:00,2026-12-31 00:00:00,Information and Computer science,Artificial intelligence; Computer science,Data mining; Machine learning algorithms ; Big data; Business intelligence,5jmTLOAAAAAJ
Machaka,R,Prof,Council for Scientific and Industrial Research,C,2021-01-01 00:00:00,2026-12-31 00:00:00,Technologies and applied sciences; Engineering sciences,Artificial intelligence; Manufacturing and process technologies; Material sciences and technologies,Machine learning; Ceramic Materials; Diamond research; Ultra hard materials; Powder metallurgy; Light alloys; Light metals processing; Titanium alloys,x6eG1JsAAAAJ
Malan,KM,Prof,University of South Africa,C,2019-01-01 00:00:00,2024-12-31 00:00:00,Information and Computer science,Artificial intelligence; Operations research,Computational intelligence; Metaheuristics; Natural computing,NgfkaewAAAAJ
Marivate,VN,Dr,University of Pretoria,C,2022-01-01 00:00:00,2027-12-31 00:00:00,Information and Computer science,Artificial intelligence,big data analysis; Data science; Natural language processing; Machine learning,req9__MAAAAJ
Marwala,T,Prof,University of Johannesburg,B,2020-01-01 00:00:00,2025-12-31 00:00:00,Engineering sciences,Artificial intelligence,Artificial Intelligence in Mechanical Engineering - Application  ,BTVVLk0AAAAJ
Masinde,E,Prof,Central University of Technology,C,2021-01-01 00:00:00,2026-12-31 00:00:00,Technologies and applied sciences; Information and Computer science,Agrometereology; Soil and water sciences; Earth Science,Internet of things; Wireless sensor networks; Applied Artificial Intelligence; Floods and droughts - Impact; Climate change - Adaptiation of agricultural systems; Mobile applications; Indigenous knowledge systems,_6269DMAAAAJ
Mehrabi,M,Dr,University of Pretoria,Y,2020-01-01 00:00:00,2025-12-31 00:00:00,Engineering sciences,Mechanical engineering,Energy efficiency; Nanofluidics; Heat transfer; Bioengineering; Applied Artificial Intelligence; Computational Fluid Dynamics (CFD) Simulation; Two phase flow,Vo1kVSMAAAAJ
Mellado,B,Prof,University of the Witwatersrand,B,2019-01-01 00:00:00,2024-12-31 00:00:00,Physical sciences,Electronics Engineering,High energy physics; Elementary particle physics; Digital electronics; High energy physics - Phenomenology; Experimental high energy physics; Machine Learning and Big Data,BTJnR0UAAAAJ
Meyer,TA,Prof,University of Cape Town,A,2022-01-01 00:00:00,2027-12-31 00:00:00,Information and Computer science; Mathematical sciences,Artificial intelligence,Knowledge representation and reasoning,Ua2MNSoAAAAJ
Mishra,AK,Dr,University of Cape Town,C,2018-01-01 00:00:00,2023-12-31 00:00:00,Technologies and applied sciences; Engineering sciences,Electronic engineering; Information systems and technologies,Radar and Electronic Defense; Radar remote sensing; OFDM Radar; Radar instrumentation; Machine learning; Cognitive radio; Digital signal processing; Cognitive systems engineering; Expert systems (Computer science); Big data,tvBarIEAAAAJ
Mnkandla,E,Prof,University of South Africa,C,2020-01-01 00:00:00,2025-12-31 00:00:00,Information and Computer science,Other information and computer technologies,Agile software development methodologies; IT Project Management; Artificial intelligence; Software engineering,XAboVjwAAAAJ
Moncrieff,GR,Dr,South African Environmental Observation Network,Y,2021-01-01 00:00:00,2026-12-31 00:00:00,Biological sciences,Ecology and environmental science; Botany,Plant ecology; GIS & Remote sensing; Ecological modelling; Machine learning,_FFdaCUAAAAJ
Moodley,D,Prof,University of Cape Town,C,2019-01-01 00:00:00,2024-12-31 00:00:00,Information and Computer science,Health informatics; Earth Science,Applied Artificial Intelligence; Ontologies and the semantic web; Agent based technology; Intelligent data and probabilistic inference,GfuDovEAAAAJ
Mpofu,K,Prof,Tshwane University of Technology,C,2020-01-01 00:00:00,2025-12-31 00:00:00,Engineering sciences; Technologies and applied sciences,Industrial engineering; Mechanical engineering; Information systems and technologies; Manufacturing and process technologies,Reconfigurable and emerging manufacturing systems; Advanced manufacturing; Robotics; Industrial robotics; Expert systems (Computer science); Additive manufacturing; Fourth Industrial Revolution ,bws18YsAAAAJ
Mulaba-Bafubiandi,AF,Prof,University of Johannesburg,C,2018-01-01 00:00:00,2023-12-31 00:00:00,Technologies and applied sciences; Engineering sciences,Metallurgical engineering; Soil and water sciences; Artificial intelligence; Material sciences and technologies,"Hydrometallurgy; Mossbauer spectroscopy; Microwave heating; Monitoring and Evaluation; Clay minerals, Applied ; Sustainable rural development; Community development; Waste processing; Mineral processing and technology",JkicE0wAAAAJ
Muteba Mwamba,JW,Prof,University of Johannesburg,C,2020-01-01 00:00:00,2025-12-31 00:00:00,Economic sciences; Mathematical sciences,Business economics; Statistics and probability,Financial econometrics; Quantitative risk management; Financial Mathematics with Machine Learning; Financial economics and investment; Data science,HmVumxMAAAAJ
Myburgh,HC,Prof,University of Pretoria,C,2021-01-01 00:00:00,2026-12-31 00:00:00,Engineering sciences; Technologies and applied sciences,Communication technologies; Artificial intelligence,Machine learning; Mobile healthcare; Wireless sensor networks,F2QhmvYAAAAJ
Naicker,V,Prof,Cape Peninsula University of Technology,C,2021-01-01 00:00:00,2026-12-31 00:00:00,Economic sciences,Information systems and technologies; Other information and computer technologies; Management,Business intelligence; Knowledge management; Information and communications; Applied research; Management information systems; Small medium and micro enterprises; Business information systems; Big data; Applied Artificial Intelligence; Internet of things,RrHDaPYAAAAJ
Niesler,TR,Dr,Stellenbosch University,B,2021-01-01 00:00:00,2026-12-31 00:00:00,Engineering sciences,Information systems and technologies,Speech processing; Automatic speech recognition; Statistical pattern recognition; Machine learning; Language technology,7K5yQvQAAAAJ
Nilsen,AG,Prof,University of Pretoria,C,2017-01-01 00:00:00,2022-12-31 00:00:00,,,,OAp1qdSpe4YC
Nitschke,GSN,Prof,University of Cape Town,C,2020-01-01 00:00:00,2025-12-31 00:00:00,Information and Computer science,Artificial intelligence,Artificial neural networks; Evolutionary computation; Neuroevolution; Evolutionary robotics   ; Robotics,jgX5HxoAAAAJ
Nwulu,NI,Prof,University of Johannesburg,Y,2019-01-01 00:00:00,2024-12-31 00:00:00,Engineering sciences,Energy; Electrical engineering; Energy Efficiency,Demand side management; Power systems optimization; Applied Artificial Intelligence,CzQ1lyYAAAAJ
Obagbuwa,IC,Dr,Sol Plaatje University,C,2022-01-01 00:00:00,2027-12-31 00:00:00,Information and Computer science,Artificial intelligence,Computer science; Artificial intelligence; Data science; Machine learning; Evolutionary optimization; Swarm intelligence; Bioinformatics,zwWugvcAAAAJ
Ogundile,OO,Dr,Stellenbosch University,Y,2021-01-01 00:00:00,2026-12-31 00:00:00,Information and Computer science; Engineering sciences,Communication technologies; Electronic engineering; Electrical engineering,Telecommunications; Telecommunication engineering; Advanced sensor networks; Digital signal processing; Machine learning algorithms ; Bioacoustics,bXfOEfMAAAAJ
Olivier,G,Prof,University of the Free State,C,2021-01-01 00:00:00,2026-12-31 00:00:00,Arts; Social Sciences,Psychology; Artificial intelligence; Fine arts; Ecology and environmental science,Psychoanalysis and literature; Cinema; Philosophy of technology; Post-structuralism,INOz9aEAAAAJ
Olugbara,OO,Prof,Durban University of Technology,C,2017-01-01 00:00:00,2022-12-31 00:00:00,Technologies and applied sciences,Information Technology; Computer science,Pattern recognition and image processing; Genomics and Bioinformatics; Health informatics; Machine learning algorithms ; Image processing and computer vision; Internet of things for development,
Oluwagbemi,O,Prof,Sol Plaatje University,C,2021-01-01 00:00:00,2026-12-31 00:00:00,Information and Computer science,Computer science; Health informatics; Information Technology; Information & Computer Sciences,Artificial intelligence; Applied Artificial Intelligence; Information technology - Applications; Computational modelling; Computer science; Bioinformatics; Health informatics; Expert systems (Computer science); Information and Computer science,QOv-ppkAAAAJ
Padayachy,LC,Prof,University of Pretoria,B,2021-01-01 00:00:00,2026-12-31 00:00:00,Medical sciences: Basic; Health Sciences,Neuroscience; Surgery; Artificial intelligence; Neurology,Clinical neuroscience ; Neurosurgery; Paediatrics; Brain imaging; Tumor Biomarkers,rehQSkcAAAAJ
Patel,A,Dr,University of Cape Town,Y,2021-01-01 00:00:00,2026-12-31 00:00:00,Engineering sciences,Biophysics,Machine learning; Biomechanics; Robotics; Control engineering,RxMigV4AAAAJ
Pickering,R,Dr,University of Cape Town,P,2016-01-01 00:00:00,2023-12-31 00:00:00,,,,PwKJ3w4AAAAJ
Popoola,OM,Prof,Tshwane University of Technology,C,2022-01-01 00:00:00,2027-12-31 00:00:00,Engineering sciences,Engineering management; Electrical engineering; Material sciences and technologies; Applied mathematics,Applied Artificial Intelligence; Computational algorithms; Energy & Behaviour; Electric power; Energy management; Applied material science; Laser materials processing; Power electronics; Renewable energy technologies; Measurement and verification,q_9ykMwAAAAJ
Pretorius,CJ,Dr,Nelson Mandela University,Y,2021-01-01 00:00:00,2026-12-31 00:00:00,Mathematical sciences; Information and Computer science,Computer science; Artificial intelligence; Computer programming; Applied mathematics,Evolutionary algorithms; Artificial neural networks and Neuro-Evolution; Mechanical systems modeling; Simulation and Modeling; Evolutionary robotics   ,XTM17S4AAAAJ
Rosman,BS,Prof,University of the Witwatersrand,C,2022-01-01 00:00:00,2027-12-31 00:00:00,Information and Computer science; Mathematical sciences,Computer science; Artificial intelligence,Robotics; Machine learning; Decision theory; Cognitive science; Reinforcement learning; Algorithms; Artificial intelligence; Bayesian statistics,pWJ0SocAAAAJ
Seebregts,CJ,Dr,University of Cape Town,C,2017-01-01 00:00:00,2022-12-31 00:00:00,Health Sciences; Information and Computer science,Public Health; Health systems research; Medical virology,Artificial intelligence; Digital health; Data science; Health informatics,txuqT8kAAAAJ
Senekal,BA,Dr,University of the Free State,C,2017-01-01 00:00:00,2022-12-31 00:00:00,Technologies and applied sciences; Humanities,Languages and literature; Other information and computer technologies; Cultural studies,Applied Artificial Intelligence; Social networks; Adaptive systems,UD1iHp4AAAAJ
Sigauke,C,Dr,University of Venda,C,2019-01-01 00:00:00,2024-12-31 00:00:00,Mathematical sciences,Operations research; Statistics and probability,Forecasting and time series; Machine learning; Exploratory data analysis; Extreme value theory (Statistics),OKgPPJAAAAAJ
Sodi,T,Prof,University of Limpopo,C,2018-01-01 00:00:00,2023-12-31 00:00:00,Social Sciences,Mental health and substance abuse,,K1U_pr0AAAAJ
Solms,ML,Prof,University of Cape Town,A,2021-01-01 00:00:00,2026-12-31 00:00:00,Biological sciences; Social Sciences,Artificial intelligence; Psychology,Neuropsychology,vD4p8rQAAAAJ
Stopforth,R,Prof,University of KwaZulu-Natal,C,2020-01-01 00:00:00,2025-12-31 00:00:00,Engineering sciences,Electronic engineering; Computer programming; Mechanical engineering,Urban search and rescue robotics; Robotics; Mechatronics; Biomechanics; Biomechatronics,tUXn5HIAAAAJ
Stott,AE,Dr,University of the Free State,C,2022-01-01 00:00:00,2027-12-31 00:00:00,Social Sciences,Education,Physical sciences - Study and teaching; Teacher Training - Physical sciences; E-learning; Deep Learning; Reading,n1mvNtYAAAAJ
Sukai,Y,Dr,University of KwaZulu-Natal,Y,2022-01-01 00:00:00,2027-12-31 00:00:00,Technologies and applied sciences; Biological sciences,Biotechnology; Microbiology,Waste management and Bio-fuels; Bioethanol production; Biohydrogen production; Artificial intelligence; Biomass Conversion to Energy; Fermentation biotechnology; Lignocellulose hydrolysis; Renewable energy-Biofuels; Process modelling and optimization; Microbiology - Bioprocessing,ObYA06YAAAAJ
Sun,Y,Prof,University of Johannesburg,C,2021-01-01 00:00:00,2026-12-31 00:00:00,Technologies and applied sciences; Information and Computer science,Computer science; Electrical engineering,Artificial intelligence; Electrical smart grid system; Computational intelligence in power systems; Evolutionary computation,3X_n4q0AAAAJ
Swart,TG,Prof,University of Johannesburg,C,2017-01-01 00:00:00,2022-12-31 00:00:00,Engineering sciences; Information and Computer science,Electronic engineering; Applied mathematics; Information & Computer Sciences,Digital communications; Information theory; Error correction coding; Modulation and coding; Channel coding; Machine learning; Power line communication,7rzca0oAAAAJ
Tapamo,JR,Prof,University of KwaZulu-Natal,C,2020-01-01 00:00:00,2025-12-31 00:00:00,Information and Computer science; Mathematical sciences,Computer science; Computer multimedia systems; Other information and computer technologies; Applied mathematics,Computer vision; Image processing; Pattern recognition; Machine intelligence; Biometrics; Data science,Pl-xFxIAAAAJ
Thakur,P,Dr,University of Johannesburg,Y,2022-01-01 00:00:00,2027-12-31 00:00:00,Information and Computer science; Engineering sciences,Electronics Engineering; Electrical engineering; Communication technologies,Cognitive radio networks; Internet of things; Wireless networks; Industrial wireless sensor networks; Advanced wireless communication; Wireless communication network -  System and Application; Wireless Communications Systems; Visible light communication (VLC); Artificial intelligence,4kuHN2UAAAAJ
Thakur,S,Prof,Durban University of Technology,C,2022-01-01 00:00:00,2027-12-31 00:00:00,Information and Computer science,Information & Computer Sciences,"Internet; Social media based activism and twitter use in the newsroom; Elections, Democracy and Governance; Applied Artificial Intelligence; Graph theory; Big data; Natural language processing",RZMzPmEAAAAJ
Tsige,AA,Dr,Stellenbosch University,C,2019-01-01 00:00:00,2024-12-31 00:00:00,Agricultural sciences; Engineering sciences,Process Engineering; Agricultural engineering; Artificial intelligence; Chemical engineering,Fruits - Postharvest technology ; Artificial neural networks; Computational Fluid Dynamics (CFD) Simulation; Computational and applied mathematics; CFD modelling of the cold chain; Biological control; Fruit - Ripening; Food packaging; Fungicide spray application technology; Energy efficiency,FPibRYkAAAAJ
Twala,B,Prof,Tshwane University of Technology,C,2022-01-01 00:00:00,2027-12-31 00:00:00,Information and Computer science; Mathematical sciences,Biochemistry; Information systems and technologies; Biometrics; Computer science,Statistical analysis; Big Data Analytics; Artificial intelligence; Applied Artificial Intelligence; Sensory analysis; Classification; Intelligent systems; Machine learning; Image processing; Signal processing,hGNh3KgAAAAJ
Uren,KR,Prof,North-West University,C,2022-01-01 00:00:00,2027-12-31 00:00:00,Engineering sciences,Computer Engineering; Electronic engineering,Process monitoring; Systems Theory; Machine learning; Control theory; Mathematical modelling,vYa6yvoAAAAJ
Vaccari,M,Prof,University of the Western Cape,B,2022-01-01 00:00:00,2027-12-31 00:00:00,Information and Computer science; Physical sciences,Information & Computer Sciences; Statistics; Astronomy; Aerospace and aeronautical engineering,Machine learning; Big data; Astroinformatics; Multiwavelength astronomy; Satellite applications; Galaxy evolution; Active galaxies; Astrostatistics; Astronomical instruments; Extragalactic astronomy,ZPjVLdkAAAAJ
Van den Heever,DJ,Prof,Stellenbosch University,C,2020-01-01 00:00:00,2025-12-31 00:00:00,Engineering sciences; Medical sciences: Basic,Other information and computer technologies; Bio-engineering; Neuroscience,Machine learning; Neural engineering; Artificial neural networks; Biomedical engineering; Brain--Imaging; Biomechanics,0jEAiNgAAAAJ
Van der Walt,ML,Prof,South African Medical Research Council,C,2020-01-01 00:00:00,2025-12-31 00:00:00,Agricultural sciences; Medical sciences: Basic,Environmental health; Artificial intelligence; Infectious diseases; Public Health,HIV/AIDS research; Mycobacterium tuberculosis; Emerging and Zoonotic Diseases; One health; Epidemiology and public Health ; COVID-19; Environmental health; Infectious Bacterial Diseases,hHbJ69UAAAAJ
Van Greunen,D,Prof,Nelson Mandela University,C,2018-01-01 00:00:00,2023-12-31 00:00:00,Health Sciences; Information and Computer science,Artificial intelligence; Information systems and technologies; Health informatics; Rural Development,eHealth; User experience; Information and Communication Technologies for Development (ICT4D),_CZ7ZDIAAAAJ
van Heerden,RP,Dr,Council for Scientific and Industrial Research,C,2021-01-01 00:00:00,2026-12-31 00:00:00,Information and Computer science,Artificial intelligence,Digital image processing; Cyber security; Access control; Application of mathematics,8ZztjUIAAAAJ
Van Robbroeck,L,Prof,Stellenbosch University,C,2016-01-01 00:00:00,2023-12-31 00:00:00,,,,C2M4rY8AAAAJ
van Staden,WJC,Dr,University of South Africa,Y,2017-01-01 00:00:00,2022-12-31 00:00:00,Information and Computer science,Artificial intelligence,Computer security; Information privacy; Digital forensics,a72etHoAAAAJ
Van Wyk,JK,Prof,University of South Africa,C,2016-01-01 00:00:00,2023-12-31 00:00:00,,,,tV47NN4AAAAJ
van Zyl,TL,Prof,University of Johannesburg,C,2019-01-01 00:00:00,2024-12-31 00:00:00,Earth and marine sciences; Information and Computer science,Artificial intelligence; Statistics and probability; Geographic Information Systems (GIS),Machine learning; big data analysis; Distributed systems; Software architecture; Geographical information system and Remote sensing,9DLVr5oAAAAJ
Varzinczak,IJV,Dr,Stellenbosch University,B,2019-01-01 00:00:00,2024-12-31 00:00:00,Mathematical sciences; Information and Computer science,Artificial intelligence; Mathematics; Philosophy,Knowledge representation and reasoning; Logic in Computer Science; Nonmonotonic reasoning; Modal logic; Logic and foundations,NsYc_HIAAAAJ
Velempini,M,Prof,University of Limpopo,C,2019-01-01 00:00:00,2024-12-31 00:00:00,Information and Computer science,Computer science; Communication technologies,Telecommunication networks; Telecommunications; Computer networks - Protocols; Computer networks; Computer security; Network security; Information security; Neural networks; Wireless ad-hoc networks; Artificial intelligence,
Venter,MP,Dr,Stellenbosch University,Y,2022-01-01 00:00:00,2027-12-31 00:00:00,Technologies and applied sciences; Engineering sciences,Mechanical engineering; Industrial design; Material sciences and technologies,Structural analysis (Engineering); Finite element methods; Materials testing; Modelling and optimisation of materials; Machine learning; Statistical modelling; Polymer characterization; Inflatable structures,mTwuFx0AAAAJ
Viriri,S,Prof,University of KwaZulu-Natal,C,2021-01-01 00:00:00,2026-12-31 00:00:00,Mathematical sciences; Information and Computer science,Computer software; Computer science; Artificial intelligence; Biometrics,Deep Learning; Machine learning; Computer vision; Biometrics; Medical imaging; Image analysis; Image processing; Pattern recognition,I0zwv-oAAAAJ
Waldron,HN,Dr,University of Cape Town,C,2017-01-01 00:00:00,2022-12-31 00:00:00,Earth and marine sciences,Marine biology,,
Wang,Z,Prof,University of South Africa,C,2018-01-01 00:00:00,2023-12-31 00:00:00,Engineering sciences,Information & Computer Sciences; Electrical engineering,Automation and control; Computational intelligence; Chaos; Artificial intelligence,gKnO50cAAAAJ
Yu,KCD,Prof,University of the Western Cape,Y,2017-01-01 00:00:00,2022-12-31 00:00:00,,,,KnzanvUAAAAJ